key,2,3
#,Name,Description
offset,0,4
int32,str,str
0,,
1,使魔的主人,　　母后的使魔羽衣精過去曾負責王宮的保潔工作。考慮到帕帕夏恩對母后在世時的經歷十分了解，朕認為他或許會知道羽衣精出現在那扇門后的原因，因此朕試著與他談及了這件事。當然了，朕沒有向他透露這次的秘密探索，朕只是旁敲側擊地向他打聽了這件事。<hex:02100103>　　根據帕帕夏恩所言，朕的母后十分愛乾淨，即使入宮成為了王妃，也堅持要親自打掃衛生。撞見王妃行動的侍女大驚失色，把所有的保潔工具都藏到了母后看不見的地方。面對這一結果，母后召見了來自知識之都的魔法師學習魔法，與那位魔法師一起創造了一隻巨大的保潔使魔。但凡發現些許污漬，這隻使魔就會雷霆出擊，連銀胄團的近衛騎士都得對它退避三舍，任它盡情打掃。使魔忙碌清潔、眾人紛紛躲閃的樣子在當時堪稱王宮一景，但不知何時，王宮中忽然不見了使魔的蹤影。<hex:02100103>　　朕猜測，或許是當時王室與共和派對立日益激化，父王與母后很難擠出時間探訪追憶之地。因此，母后選擇將羽衣精派遣至此，讓它來守護打掃追憶之地。話雖如此，母后可真是個敢想敢為的人。不提創造保潔使魔這事如何，光從這使魔本身的實力就能窺見母后的些許能力……奔放不羈竟能到如此程度，著實讓朕震驚。
2,高潔戰士的行事作為,　　出於對今後探險進行上的考慮，朕在王宮的藏書庫中查詢了一番關於希拉狄哈的記錄，想要找到解開謎團的線索。然而，可能正因為是王宮的藏書庫吧，朕找到的資料大都是早已經知道了的內容。但也不能說全無值得矚目的情報。朕發現了一份狩獵殭屍時期的報告。內容提到了蜥蜴人族與烏爾達哈士兵共同參與的一場戰鬥。報告者認為蜥蜴人勇士的戰鬥方式與烏爾達哈士兵的差異太大，雙方很難配合。<hex:02100103>　　當時的希拉狄哈水道中充斥著大量的殭屍，這些殭屍的能力良莠不齊。報告中提到的那些士兵們認為戰鬥應該首先從能力不強的殭屍開始，以儘可能減少殭屍的總數為目的行動。而蜥蜴人族的勇士卻有不同的看法，他們渴望挑戰那些即使以蜥蜴人的角度來看也過於強大的敵人。對此表示困惑的人們詢問了蜥蜴人族，對方回以「只有與強大的敵人戰鬥才能展現自己的力量，與弱的敵人爭鬥就像是膽小的懦夫。」<hex:02100103>　　後來，雙方選擇了尊重對方的想法，各自按照自己的方針戰鬥。也就是說，烏爾達哈的士兵們的工作變成了盯著弱小的敵人掃蕩。朕不確定是否有能用到這些情報的地方，姑且是在這裡記了下來。
3,暖陽之中,　　多年以前，王宮曾為了增進與商人之間的交流舉辦了一場晚宴，貴為王族的父王與出生在小商人家庭的母后在這場晚宴中偶遇相識。一見鍾情的兩位由此開始了他們的浪漫故事。據說兩人在婚前經常會在一個不為眾人所知的秘密花園中約會。那是一個深埋于大地深處，卻有暖陽照耀的美麗花園……不會錯了，定是這次冒險者和朕在探索中找到的地方。<hex:02100103>　　當二位的婚約公開之後，這處秘密花園就成了坊間傳聞中的求婚之地，一時流言四起。甚至有大量的不法商人以此伺機撈錢，屢禁不絕。這麼多年過去了，烏爾達哈商人可真是一點都沒變，時時刻刻都不忘記他們的生意。不過外界始終沒能找到真正的秘密花園，朕也是多虧了與冒險者的這場探險，才能解開這個謎題。<hex:02100103>　　朕彷彿能想像出當時的情境。被薩納蘭的乾燥砂礫埋沒了的地底深處，鮮花綻放草木萌芽，陽光之中年輕的父王和母后彼此瞭解、愛慕。這幻想中的畫面讓朕感到由衷的快樂。朕可花了這麼長的時間才再次回憶起了二位的微笑是如何的模樣……
4,鑰匙與約定,　　這把用白銀製作的精緻鑰匙是朕5歲生日時，父王和母后贈送給朕的禮物，二位並沒告訴朕這鑰匙的使用方法。母后只對朕說，等朕長大成為一位淑女時，她將會帶著朕去這把鑰匙守護著的回憶之地。隨後父王也對朕說起，那裡除了是他們二位的回憶之地以外，也儲存了烏爾達哈這個國家的無數回憶。對於尚且年幼的朕來說不能立刻到手的禮物著實惱人，一時還和父王母后鬧起了彆扭。現在回想起來，這一切竟成了如此珍貴的回憶。<hex:02100103>　　在那之後不久，父王和母后就蒙札爾神恩召棄朕而去了。朕驟然間失去雙親成了孤兒，只得于百感交集中倉促加冕為王，在悲傷和不安中勉強度日。蹣跚前行於沙漠的嚴寒與酷熱之間，已然耗費了朕的一切精力。朕不得不將約定、鑰匙以及回憶之地等等束之高閣。<hex:02100103>　　朕的雙親為何要將鑰匙送給才剛五歲的年幼女兒。他們是否是對不久之後的蹊蹺事故有所預感，還是……朕已經無從得知二位的想法，但朕相信，朕現在手中的這把鑰匙一定寄託有父王和母后想要告訴朕的秘密。
5,父王的夙願,　　在與烏爾達哈共同討伐希拉狄哈水道殭屍的過程里，參戰的蜥蜴人族設立了不悔戰陣。假設不悔戰陣是蜥蜴人族當時的大本營，那麼朕和冒險者這次找到的據點遺蹟想來就是蜥蜴人族的前哨基地了。考慮到這個位置藏在父王和母后交給朕的鑰匙之後，父王留給朕的日記里又提到了「與蜥蜴人族攜手共鬥的證據」，朕堅信這二者之間一定有什麼聯繫。<hex:02100103>　　父王在世時一直反對公佈獸人驅逐令。儘管如此，共和派的人為了獲取更多的權益，仍執意以沙蝎眾的身份推動議程，在父王的抗拒中強行公佈了新法令。父王似乎曾打算髮動輿論應對共和派的蠻橫之舉。不是用那些捏造的文獻和記錄，而是將這不容反駁的「與蜥蜴人族攜手共鬥的證據」公之於衆，推進人類與蜥蜴人之間的融合之路，但這項計劃卻因為父王遭遇蹊蹺的事故不幸離世而未能實現。<hex:02100103>　　那項證據是什麼，如今又在哪裡，朕也無從得知。然而，有一點是朕能夠確定的……如果這座據點的遺蹟確實是找到證據的線索，那麼在如今兩族融合的時機已至之時，朕作為父王之女，必將繼承父王的遺志，達成父王夙願，以全孝道。如果朕與冒險者真的能在那裡找到「證據」就好了。
6,烏爾達哈之罪,　　那位安眠于棺槨之中的蜥蜴人勇士也是一具殭屍。恐怕他是在與殭屍戰鬥的過程中受了傷，不幸感染，最終被侵蝕成了殭屍吧。<hex:02100103>　　這種能將活人轉化為死靈的禁忌秘藥「來生神之淚」是烏爾達哈國內的咒術師創造的秘藥。當時的烏爾達哈國王薩薩加恩三世將這種罔顧人倫的秘藥投入戰爭擊潰了希拉狄哈之後，還四處散佈謠言，宣稱是希拉狄哈人開發了這種秘藥將自己的臣民變成了不死士兵。所幸天網昭昭，不久之後索恩家就告發了薩薩加恩三世的惡行，結束了第一烏爾朝的罪惡統治……可如今薩薩加恩三世編造的謊言，卻仍是眾人熟知的事實。<hex:02100103>　　王族們為了保全烏爾王室的權威，又有咒術師組成的納爾札爾教團從中作梗，無數人抱守私利，偽造了無數的謊言，就這樣一代代傳承下來編造瞭如今的歷史。大多數烏爾達哈人恐怕是不願接受自己生活的都城竟然建立在另一個國家的都城之上吧，更勿論那個國家還是毀於自己國家的非人惡行之下了。然而不能正視歷史就無法走向未來。朕越是想起那位蜥蜴人的身姿，就越是感到自己作為繼承烏爾之名的女王責任之重大。終有一天，即使過程是困難的，朕也希望烏爾達哈能像是伊修加德那樣正視歷史的真相。
7,焚香祈禱,　　朕就希拉狄哈水道中發現的種種徵詢了蜥蜴人方面的意見。不過，此事到底是無法作為議題在烏爾達哈與蜥蜴人一族的定期會議中討論的。朕總不能將偷偷離宮調查一事透露出去嘛，不然就是在為難那些為朕提供幫助的眾人了。<hex:02100103>　　正因如此，朕在會議結束之後，與出席會議的酋長進行了一場別無二心的「閑聊」。朕向他說明了在烏爾達哈領內發現的棺槨，以及其中不幸淪為了殭屍的蜥蜴人族勇士，並表示希望能悼念祭拜他，詢問了酋長該如何以蜥蜴人的方式悼念。聽聞此訊息的酋長強調說，最重要的一點就是不能妨礙勇士的安眠。發現者絕不能打開棺槨檢視其中的情況。「英雄豪傑，生榮死哀。應鞠躬默哀，歡慶報捷，誠心叩拜。」……這也是蜥蜴人族悼念戰死同胞時用的方法。在那之後，還需要為他焚香，撫慰他逝去的英靈。<hex:02100103>　　經過這一番談話，朕痛感自己應該對蜥蜴人族的文化有更多瞭解和認知。只有更多地接觸他們的文化習慣，才是加深理解促進融合的正道。
8,烏爾達哈與希拉狄哈,　　貝拉哈迪亞一分為二，成了對立中的兩國烏爾達哈與希拉狄哈。正如歷史所述，來生神之淚毀滅了希拉狄哈為兩國之爭畫上了永遠的句號。不久之後烏爾達哈就遷都至希拉狄哈舊日都城所在的地方，因此，如今在烏爾達哈王都的周邊和地下深處還有大量的希拉狄哈遺蹟。建造上下水道時，借用了當時的遺蹟，因此得名「希拉狄哈水道」……多麼諷刺啊，要知道當年兩國大規模戰爭的導火索正是水源地之爭。<hex:02100103>　　既然水道借用了希拉狄哈的遺蹟，那麼會通往另一座遺蹟自然不算怪事，但朕沒想到竟然能一路通到那座似乎是希拉狄哈王宮的地方。如果這座遺蹟當年是暴露在地面上的，大約早被薩納蘭的烈日和風沙吞噬，風化殆盡了。正是恰好被深埋于地下，才讓它能像如今這樣，彷彿時間都停止了一般，完好地儲存下來。<hex:02100103>　　平常是很難發現儲存得這樣好的遺蹟的吧。對歷史學者來說，那肯定是一座極其重要的調查目標。然而，進入水道通往遺蹟的方法實在是令人頭大，這樣下去恐怕是很難保證每次都能到達那座遺蹟的吧。朕現在最先要做的，就是修整前往那裡的道路。
9,國旗飄揚,　　每當看到希拉狄哈的國旗，就不由得會想起烏爾達哈和希拉狄哈兩國的初代國王是一對雙胞胎。不過，兩國的國旗之所以會如此相似，並不是因為這個原因。回到貝拉哈迪亞時代，國旗上的審理之天平兩端安放著的還是聖火和葡萄。後來，烏爾達哈繼承了象徵力量的聖火，希拉狄哈則傳承了象徵智慧的葡萄，雙方又各自選用了代表財富的寶石和代表力量的頭盔平衡天平。兩國均高舉己方那面與貝拉哈迪亞已一脈相承的國旗，宣稱本國作為天命所歸的繼承者的正當性。<hex:02100103>　　雖然兩國的國旗都帶有「力量」這個要素的象徵，但烏爾達哈的力量指的是「魔法」，希拉狄哈的力量指的是「武力」，這二者的性質大有不同。希拉狄哈國旗所描述的「力量」，更像是雲集於我國的鬥技場的那些劍鬥士所擁有的力量。<hex:02100103>　　現在回想起來，最後守在那裡的那台粗魯的守護者，正是希拉狄哈的風格。守護它頭部的那頂頭盔上還裝飾著纖細精美的葡萄花樣。而且它的身體也是與希拉狄哈白銀天平相似的顏色，即使在採光不佳的地底，也反射著炫目的銀光。可希拉狄哈早已毀滅了，它卻仍在那裡，守護著失去了主人的王宮，著實令人心生惋惜。
10,母親的眼瞳,　　可真沒想到，連這種常年封閉的地下遺蹟都能有盜墓的人闖進來。朕看遍了一路，愣是沒找到除了入口以外能進去的地方。當然，考慮到遺蹟的構造這麼複雜，還有朕沒能發現的入口也不算怪事。<hex:02100103>　　話又說回來了，關於這些盜墓者留下的塗鴉……朕現在回想起來，覺得他們指的是「娜夏孔雀石」。朕認為，那應該就是前往隱藏之地的鑰匙。不過，沒想到竟然是娜夏孔雀石，這讓朕該如何平靜地看待此事呢。<hex:02100103>　　為了應對第七靈災後復興的需求，而再次開發銅鈴銅山……在這個過程中出產的高品質孔雀石，被烏爾達哈的寶石商人命名為「娜夏孔雀石「。母后若是健在倒還好說，母后都離世這麼多年了，那群商人竟然還為了利益將寶石冠上母后的名字，這種行為自然讓朕深感不快。<hex:02100103>　　但讓朕沒想到的是，當商人們把娜夏孔雀石進獻給朕時，朕確實從寶石柔和的微光中看到了母后那雙溫柔地注視著朕的眼瞳。面對如此美妙的顏色，即使不滿，朕也只有接受這個命名了……
11,索恩朝的寶庫,　　在遺蹟里找到的那張紙的背面，朕找到了「希拉狄哈水道」、「索恩朝」、「寶物庫」這幾個單詞的塗鴉。那些盜墓者似乎認為索恩朝的寶庫就藏在希拉狄哈水道的某處。然而索恩朝向來以他們清廉節儉的政風而聞名。若不是索恩朝的國王願意禪位，現在的第二烏爾朝都不會存在。朕從未聽說過索恩朝有任何將王室寶物擅自帶走藏匿的傳聞……假設索恩一族的人真的將財寶藏在了某個地方，他們也定然知會了烏爾一族。若這個設想成立，那就可以假定烏爾家的歷代國王都對此知情，而朕的父王當然也對此有所瞭解。<hex:02100103>　　父王將鑰匙贈送給朕時曾說過，這把鑰匙能打開保管了烏爾達哈重要回憶的寶庫。並且，父王希望能在朕長大之後，將其中的一切展示給朕看……莫非，父王指的就是這個寶庫？<hex:02100103>　　雖然朕思考了很多，但說到底這些都不過是朕的假設。至少這次探訪的希拉狄哈王宮遺蹟中並沒有類似的場所。考慮到父王當時所表述的意思，朕認為這個寶庫如今仍藏在一個不為人知的地方。
12,父王和母后的信,　　在希拉狄哈水道的深處發現了裝滿財寶的倉庫。儲存在其中的目錄頂上寫有「愿烏爾王室能為了民眾與近鄰繼承這一切」的宣言，落款則是索恩朝末代國王的名字，後續的頁面上還有歷代國王的簽字。這本目錄的最後，由朕的父王簽名的那一頁夾著一張已然褪色的信件。「愿愛女娜娜莫能讀到此信」……這封用父王的筆跡寫就的信件上留下了如此的字眼。<hex:02100103>　　這封信介紹了這座寶庫，將這裡描述為只有王位繼承者才能知道的禁地，並提到了從索恩朝時代儲存至今的「人類與蜥蜴人攜手共鬥的證據」。這本是國王與國王之間代代相傳的機密，但父王考慮到自己遭遇不測的可能性，提前寫下了這封信有備無患。<hex:02100103>　　「娜娜莫，不知你長成了怎樣的一位淑女。女王對你來說應該是一條滿是坎坷的道路吧。作為父母，我們有一件事希望你能一直記得。在作為一個女王之前，你永遠是我們最愛也最驕傲的女兒。我們只希望能在你的臉上看到柔和的粉桃色，在你的口中聽到你靦腆的笑聲。你能健康快樂，我們就能放心了。」……信的結尾，父王和母后在寫完這句話后留下了他們的署名。<hex:02100103>　　父王、母后……請你們一定一定放心。朕如今的每一天，包括此刻，都很開心……
13,陰陽師的失物引發的騷動,　　曾經有一位技藝超群的陰陽師，他雖在製作咒具方面天賦異稟，可性格上卻是粗心大意，弄丟了好幾件做好的咒具。幾番之下，他製作了一個木箱，對其施加了無論被帶往何處都必將物歸原主的法術，命名為「防丟箱」，專門用來保管咒具。從那以後，箱子被盜后的確能原樣回來，可回來的也只有箱子……裡面的咒具早已被人取走。<hex:02100103>　　時守說整座聖凈院內有好幾個他做的防丟箱。這幾個箱子還被施加了抑制內部咒具魔力的法術，得以收納管理著「吸血妖刀」「幼樹土偶」等物品。我回收了放有妖刀的木箱，放有土偶的木箱在這次騷動中下落不明。據說只要俯首后將那個土偶安置在舉行儀式的小神社中，就能賜予周圍草木以活力，使其重返新綠。聖凈院將其用來保護御神木。不過，一旦使用方法不當土偶的力量就會失控，很可能會對這座山產生不好的影響，如果偶然尋到的話還是儘快回收比較好。
14,染血的妖刀,　　遠東之國仍處亂世之時，曾有位一騎當千、斬落無數敵將首級的猛士。他雖名震天下、勇猛如虎、百戰百勝，但正因其強大之甚，使得主君十分忌憚他會謀反……不出所料，他不久后就慘遭黑手，刺客奪下他的愛刀砍下了他的頭顱。從此以後，不知是猛士的怨恨還是其刀下無數亡魂的怨恨使然，那把刀的刀身變得鮮紅無比，無論用紙擦拭還是重新打磨都無法使其回到原本的顏色。更加險惡的是，當試圖用靈山的清水凈化這把刀時，它卻能從中獲得靈力，化為可怕的妖刀，驅使持刀之人行兇作惡。<hex:02100103>　　傳說之中的靈山毫無疑問就是腳下的六根山。時守先生也說過山中深處有一片清澈見底的小湖。整座山中，那一帶的靈力尤其強大，據說供奉重要物品的神社也設於其中。所謂的「底蘊厚重的物品」很可能就在那裡。然而只有高僧才知道如何前往神社……話說回來，這次經過的地方中並沒有發現形似神社的建築，現在也只能多多嘗試其他道路了吧。
15,沉默不語的盔甲,　　戰國時期曾有一位被冠以最強之名的猛士——猛虎，他生前所穿的全套盔甲被子孫們代代珍傳。然而在某一天早上，本應儲存在倉庫中的盔甲突然浸滿鮮血出現在宅邸的院子中，旁邊還有一具好似竊賊的男性屍體。雖說坊間都說這是祖先的靈魂穿上盔甲保護了倉庫的財物，可盔甲主人猛虎的子孫只對這不知緣由的狂暴感到不安。經過一番苦思冥想，子孫們最終將自己的傳家寶——猛虎的全套盔甲供奉給了聖凈院。 <hex:02100103>　　東方有著「萬物皆有神在」的觀念。我有時會想，無論是自然出現的巨像兵、元精，還是妖異、死靈一類，甚至是獲得靈性的瑞獸，是不是都被包含在這句話之內了呢，那套盔甲是否也是其中之一呢？如今其被討伐，真相已然無法知曉，可畢竟六根山中靈力豐富，也可能是盔甲吸收了濃郁的環境乙太后，附身在盔甲之上的存在也能化為異常龐大的身軀。我們沒有像傳說中的竊賊一樣命喪刀下，說是透支了幸運也不為過。
16,刀匠的出人頭地之路,　　紫州北部有位製作農具的男人，名為七草，他後來以刀匠的身份聲名遠揚，其成功事蹟可謂是遠東之國經久不衰的話題。最為有名的便是他那以四聖獸為靈感的四刀連鍛，其中兩把是仍在鎧鬼手中的「赤帝」和「青帝」，餘下兩把被稱作「白帝」和「黑帝」。這四把刀不僅刀身美麗，更是男人嶄露頭角的契機，因此也被認為有出人頭地的寓意。順便一提，「白帝」在言談間常被用來和名刀「風斷」相比較。<hex:02100103>　　椿說由於七草在六根山附近搭起過鍛冶屋，所以紫州北部吸引了許多鍛鐵匠到來，如今這裡已是名刀的一大產地。隨著淬火的工匠們不斷聚集，祭祀火神的活動也越來越頻繁。其中最負盛名的便是鍛鐵匠們點燃三盞燈籠的「三燈祭」。據說這是一種向火神祈願過去、現在、未來的作品都能蘊含力量的儀式。不過儀式起源眾說紛紜，也有說法認為「三燈」是因為「三」是非常吉利的數字，所以才將其作為數字的象徵用在祭典中。
17,樂器工匠與美麗的演奏者,　　在很久很久以前，有位工匠傾注自身全部技藝製作了一把琵琶。這把琵琶太過完美，以至於他不願讓普通的演奏者彈奏，只見歲月流逝，卻遲遲等不到合適的人。等到演奏者出現之時，工匠已經老了。當時突然出現了一位女演奏者，她彈奏的一曲如明月般美妙，足以彰顯她與這把琵琶的相稱。此後，她帶著琵琶遊走于遠東之國，以一場又一場的表演俘獲了人們的心。當工匠享盡天年之時，她和琵琶一同失去了蹤影。如今，人們在懷念她的彈奏的同時，還流傳著她是「琵琶的付喪神」的傳說。<hex:02100103>　　付喪神的存在形式多種多樣，不僅顯現方式不同，引發的事象也有好壞之分。一般來說，所謂「底蘊厚重的物品」本身就是名品絕品，所以格外受收藏家喜歡，若是其中還寄宿著付喪神，那價值更是水漲船高。不過，這僅限於琵琶這樣的善付喪神，若是寄宿著惡付喪神的物件，要想找到買家就需要先祓除災邪。
18,敗給慾望的女孩,　　某個村莊里有一位信仰虔誠的女孩。據說在某個歉收之年，女孩即使餓著肚子也不忘向神明獻上供品，祈願來年豐收。於是在某個晚上，神明出現在了女孩的夢中，女孩醒來后發現枕邊放著一把神奇的小錘，這是傳說中的「萬寶槌」。女孩一邊祈禱一邊揮動小錘，大米就像源源不斷的水流一樣涌出。然而，獲得救贖的女孩逐漸將祈禱拋到腦後，性格也變得傲慢，拿著金幣銀幣出遊享樂。她靠著小錘四處玩樂的事情越傳越廣，最終被一名前來搶奪小錘的赤鬼殺死了。<hex:02100103>　　我身為商人，即使沒有小錘也會思考讓金幣源源不斷涌出的方法。突然想起，在我還是生活在烏爾達哈小巷裡的孤兒時，有一天，初次見面的羅羅利特會長突然給了我一大筆金幣。會長對我說：「我聽說你是個眼光獨到的小孩兒，給你一天時間，把這些金幣翻倍。」 我很清楚對方的身份是什麼，所以毫無鬼心地想辦法把金幣翻倍后還給了他，之後會長把我招進了東阿爾迪納德商會。如果當初我像故事中的女孩一樣，被慾望矇蔽雙眼，手握巨款揮霍無度的話……現在的我會是什麼模樣呢。
19,提燈妖怪照亮的前方,　　那天晚上，雲彩遮住了月亮。據說巡夜的武士們走在昏暗的街道上，看見遠處有燈籠的光亮。他們一邊想著這麼晚了有誰在那，一邊朝著光亮走去。可走到之後那裡連個人影也看到，只有一盞被點亮的燈籠孤零零地擺在那裡。武士們雖然覺得奇怪，但擔心放著不管會發生火災，就伸手想要提起燈籠。沒想到就在這時，周圍突然冒出了無數鬼火。武士們膽都嚇破了，背後響起了一陣譏笑的聲音，聲音過後，鬼火和燈籠又忽然消失掉，周圍的一切就像什麼都沒發生過一樣，回到了原本的黑暗。<hex:02100103>　　這是在遠東之國家喻戶曉的「妖怪提燈」的故事。大多情況下它在嚇人之後就會消失，但令我意外的是，我們在六根山遇到的提燈妖怪居然攻擊了過來。據時守所述，這是高僧代代使用的燈籠，可能是為了保護聖凈院不被我們侵害才產生了攻擊意識。事後它變為普通燈籠后，我又重新調查了一下，發現上面用東方文字寫著「黑夜點亮之標，遵火神之儀式，照亮黃金之路」。我很在意這句話究竟是什麼意思。
20,勞作人的勇氣,　　在六根山附近的村莊里，有一位勤勞的青年正在辛勤勞作。此時，不知是誰突然大叫了一聲。他停下手中的農活抬頭一看，竟然是有隻可怕的野獸正要襲擊村民。青年非常焦急，因為他聽說最近野獸襲擊了好幾個村落，吃了好多人。這樣下去同伴會有生命危險……他鼓起勇氣把農具扔向野獸。天無絕人之路，農具剛好擊中了野獸的要害，受到驚嚇的野獸一溜煙就向著山裡逃走了。以此為契機，村莊里逐漸發展出了把稻草紮成野獸模樣並向其投擲農具，以此祈求消災和豐收的祭典。<hex:02100103>　　話說回來，我們這次帶回的農具上居然刻著「七草」的署名。這個人是有名的刀匠，年輕時他靠給當地農民製作工具維持生計。我聽說羅薇娜商會的刀匠們為了付自己賒的酒錢，每天都在敲水壺，應該和他差不多吧。另外，關於七草這個人還有許多其他傳聞，據說他非常喜歡四聖獸，以至於在自己的鍛冶屋四面都裝飾了精美的雕像。
21,武人的榮譽,　　遠東之國各地都設定著鎮壓地震的「要石」，我們造訪的六根山上也有，據說這其中也有故事。有一天，朝拜的武人對著要石雙手合十的時候，一旁突然出現了身體上插著農具的怪異野獸。野獸直接朝他襲來，慌忙應戰的武人用自己心愛的薙刀刺了過去，野獸踉踉蹌蹌地撞上了要石……霎時，地底傳來了不祥的異響。武人以為大地震即將到來，慌忙中鬆開了手，身上還插著薙刀的野獸一溜煙地逃走了。之後武人將沾染野獸之血的要石擦拭乾凈，地底的異響便平息了，沒有發生更大的災難。<hex:02100103>　　關於這個故事的說法眾說紛紜，有人說武人成功殺死了野獸，也有人說是野獸毛骨悚然的叫聲引發了地底響動。遠東之國自古以來便地震頻發，所以有很多將災難神化成詭異之物后與之戰鬥的故事。實際上，在薩雷安魔法大學的研究人員中，也有人堅定認為要石的本質是一種魔力裝置，通過設定在地脈結節點上就能達到穩定地脈流動的效果。
22,修行僧人的封印術,　　那天，在六根山深處修行的僧人正沉浸於冥想之中。在風都不曾吹過，連樹葉摩擦的聲音都沒有的寂靜之中，突然響起了踩在草地上的聲音。僧人以為是有人找自己有事，睜開眼一看，居然是個插著農具和薙刀的怪異身影。僧人發現那是瑞獸奴延的王——獅子王，便拿起了錫杖。雖然受傷的獅子王拚命求生，但畢竟它是襲擊了無數人的鬼怪，不能就這樣放任不管。在一番激烈的攻防之下，僧人用錫杖將獅子王封為了巖石。相傳聖凈院就是為了監視其封印而設立的。<hex:02100103>　　錫杖不僅僅是一根枴杖，它還能監視風吹草動釋放魔法，是保護自己免受威脅的利器。像我，我雖然無法像那位僧人一樣戰鬥，可只要有上這麼一根錫杖，那也能用來支撐身體，能更加輕鬆地爬上六根山。總之，雖然我體力不是很好，但完成這場冒險還是不在話下的。如果本次的探索使得事態升級成像在堆積的木箱、又或是像在陡峭的巖壁攀爬的情況，那我可就舉手投降了。
23,愿在花下相見,　　在某個地方，有一位陰陽師年紀輕輕就失去了深愛的妻子。離別的創傷久久不能痊癒，他也逐漸老去。他們在結婚之時曾種下過一棵櫻花樹，可櫻花樹開的花也在年年減少。他希望至少這棵寄宿著回憶的櫻花樹能保持活力。這時，和他同為陰陽師的妻子所作的土偶發出了光芒，讓櫻花樹回到了年輕時的模樣。他感覺是妻子在安慰自己，於是重新振作起來，在照料櫻花樹中度過了餘生。據說，他是在盛開的櫻花之中安詳離世的。<hex:02100103>　　說到櫻花我就想到我們遇到的那位名為「夜櫻」的忍者。椿說她是花隱一族的後人，繼承了以花為技巧的特殊忍術。看樣子她是埋火殿下派往六根山的臣子之一。據時守所述，她在騷動最激烈的時候幫助人們避難，還保護了來不及逃走的小孩。然而卻被鬼怪殺死了……甚至屍體還被什麼人操縱，這是何等令人痛心。
24,古董「大煙管」,　　一直以來，人們之間流傳著大煙管會給人帶來幸福或不幸的說法，但從來都沒有統一過。但實際上它並沒有這樣的力量，獲得它的每個人只是在把降臨在自己頭上的幸運或不幸的原因強加在它身上而已。即使是這樣的可疑之物，只要有豪雷那樣無底洞般的物慾和六根山上豐富的靈力，就足以讓付喪神寄宿其中。那麼得到大煙管的豪雷直到最後都被自己心愛的古董們包圍著，算是幸福嗎？還是說他慾望無法得到滿足最終變為鬼怪，算是不幸呢？<hex:02100103>　　我認為幸福還是不幸歸根結底還是取決於「心態」。我是個孤兒，一般來說這算是不幸吧，但我從來沒有覺得自己不幸過。倒不如說我在幼年時期就學會了經商，遇見了無數人，見識了無數東西。回顧過去我所積累的一切，就會覺得自己前半生並不差。我至今從未估量過自己是幸福還是不幸福，但至少我可以說現在的我是幸福的。
25,使魔和襲擊者的真實身份,『有個奇怪的人，操縱著一個像古哈沙亞一樣動的木像，非常可怕！』<hex:02100103><hex:02100103>聽到動的木像，最初我想到了類似魔像的存在。我聽說在東方地區，木製機關魔像被用於戰鬥......但當我提出這個問題時，卡利卡給了我答案。據說在阿羅阿羅島上，殘留著一種被稱為「誇誇」的類似使魔的存在，由島上昔日居民創造。很可能，動的木像的真實身份是誇誇。除此之外，島上還留存著類似誇誇的存在，如果不小心接觸到它們，可能會採取敵對行動，所以看到的話最好小心。<hex:02100103>在南洋群島源自的「秘術」中，寶石被認為是「物質和生命之間的中介物」。因此，使用寶石作為使魔的核心是衆所周知的。同樣地，如果仔細考慮，木材也可以被視為「物質和生命之間的中介」。換句話說，在寶石使用變得普遍之前的古老秘術中，以木材為核心製造使魔是常見的做法。因此，襲擊馬托夏他們的「奇怪的人」很可能是精通秘術的人。
26,阿羅阿羅島的定居者們,『阿羅阿羅島雖然自然豐富，周邊的漁場也不亞於薩貝尼亞島……但為什麼沒有人居住呢？』阿羅阿羅島雖美麗，但土地狹小，環境易受影響，自然資源也有限。這種環境往往容易受到自然災害的影響。歷史上也有無人化和人類入住交替的記錄，這一點也不難理解。<hex:02100103>據卡利卡從過去的島民那裡聽說，可以確認的最早居民大約是在第四星曆末期生活在那個島上。但在第五靈災，也被稱為大冰雪時代的到來時，他們留下了神子的雕像，然後突然消失了。他們被稱為「被遺忘的人」，儘管留下了痕跡，但他們的真實身份至今仍不得而知。<hex:02100103>隨著時間的推移，第六星曆時期定居在那裡的人精通航海術。後來，其中一部分人到達拜爾布蘭德島，參與了建立名為「尼姆」的城邦國家。但在第六靈災中，尼姆被毀，據說後裔逃到阿羅阿羅島。在第六星曆時期，他們發展了算術，並將一部分人再次送往拜爾布蘭德島傳播了「巴術」。最終，100年前的海底火山噴發導致阿羅阿羅島再次無人居住，但正如人們所說「歷史會重演」，也許不久將來會有新的定居者到來。
27,環繞海洋和天空的神祇,"『我們遭遇的巨大鯨魚，身上絢麗如薩貝尼亞織物……但它異常兇猛，讓人恐懼不已。』南洋群島傳說中有關飛行鯨的故事至今仍在流傳。尤其以「肆惡摩」最為著名，但據卡利卡說，在阿羅阿羅島上稱之為「克圖杜克」，似乎還有供奉它作為神使的雕像。換句話說，馬托夏遇到的可能是那個「克圖杜克」本身。聽到這番話后，馬托夏有些擔心是否擊敗了神使會帶來不祥之事，不過卡利卡提議如果擔心受詛咒，可以向鯨魚雕像祈禱，因此我會為馬托夏記錄下相關步驟。<hex:02100103>首先，在發現神祇雕像的地方，站在鯨魚雕像前唱出「穿越水平線的神啊「（""O messenger from beyond the horizon, hear me.""、""水平線を渡る神よ""），這樣可以得到祝福。接著順時針繞神祇雕像一週，然後逆時針繞一週，最後在鯨魚雕像前跳舞完成祈禱儀式。儘管細節有所不同，但對自然界動物的神聖信仰，與多神教的薩貝尼亞有些相似之處。"
28,食用有毒的魚,『這條龍鱸魚的拉力很強，對於我這個漁夫來說也是一場激烈的戰鬥！』馬托夏釣到的「龍鱸魚」有個特性，會將攝取的毒素積聚在體內，因此不適合作為食用魚。雖然它並非天生的有毒生物，但並非不可食用，不過有人為了探索其功效，像煉金術士一樣冒險地嘗試未知材料並喪命，所以要是有人嘗試食用這種魚也不足為奇。幸運的是，這種魚在德米爾的遺蹟鄉的煉金素材圖鑑中有記載，因此我能避免無謂的冒險。<hex:02100103>看起來，和漢薩毒腺中獲得的毒液一樣，這條魚積累的毒素也可以作為煉金素材使用。它可能會積聚大量毒素，得益於豐富的食物來源和豐富的自然力量。此外，根據卡利卡的講述，據說過去島上的居民們感謝這種能處理攝取的含毒海藻和小魚的魚。如果釣到了它，他們會送它回大海，伴以感謝的話語……但是把它帶回家，是正確的選擇嗎？
29,算術和秘術的痕跡,『這裡充滿綠色，還有引人注目的紅花在路邊綻放……我一邊走一邊欣賞，突然發現前方出現了奇怪的木雕人偶，真是讓人吃驚！』大約100年前，阿洛阿洛島附近的海底火山爆發了。海嘯襲來，加之火山噴發導致陽光長時間被遮蔽，環境發生了劇烈變化，當時的島民不得不做出艱難的決定離開他們習慣了的家園。幸運逃脫海嘯的船隻也被大量的火山碎石所阻擋，離開島嶼變得相當艱難。<hex:02100103>此外，阿洛阿洛島上充斥著使用算術進行研究的記錄以及與之後的巴術相關的魔導書等大量成果物。據說帶走所有這些東西是相當困難的，馬托夏他們遭遇的木製人偶「拉拉」只是其中之一，不得不留下的物品並不少。拉拉似乎還儲存完好，但據卡利卡所說，大部分書籍等都被自然吞沒，隨著時間的流逝消失得無影無蹤。<hex:02100103>儘管阿洛阿洛島現在是無人居住的，但南洋群島中仍有人類居住的島嶼。這樣的有人居住的島嶼可能留存有在疏散時帶來的資料和文獻，至今仍然保留著。
30,人們聚集在大樹下,『雖然薩貝尼亞島也有大樹，但沒有那麼巨大。那也是自然豐盛的力量的影響嗎……？』據說，那棵巨樹在卡利卡出生時就已經存在於阿洛阿洛島上。周圍聚集著志在研究算術的島民，形成了一個聚落。他們日復一日地努力研究著「神子寶玉」所蘊含的「豐富自然的力量」的秘密。作為他們研究的副產品，誕生了刻在大樹上的各種「魔紋」。卡利卡提到的讓人感興趣的是從魔物的血液中提取乙太來促進植物生長的魔紋。據說只要有四種魔物的血液，就可以延伸大樹的樹枝，如果能加以利用，或許可以開闢新的道路。<hex:02100103>但是，如果他們在研究寶玉的力量，為什麼沒有以擁有寶玉的神子雕像被放置的「祭祀場」為基地呢？詢問卡利卡得知，祭祀場似乎被施加了奇異的力量……很可能是被那些被稱為「被遺忘的人們」的前島民施加的魔法，常年籠罩在濃霧之中。為了準備一種能控制這種神秘霧氣的「魔具」，他們最初選擇了大樹作為基地，但可能是覺得居住環境宜人，或者研究取得了成果，所以在大樹那裡定居下來了。
31,給小夥伴的愛,"『如果是茂密的樹林，會不會有像卡利卡一樣能說話的文鳥呢？』聽到這句話，卡利卡驕傲地說：「能說人類語言的文鳥只有我一隻！」然而，普通的文鳥似乎早已在此地繁衍生息，成為了阿洛阿洛島上的信仰對象。我詢問卡利卡是否有對文鳥的祈願，她不情願地告訴了我步驟。為了不忘記，我將其記錄下來。<hex:02100103>當你找到了神祇雕像排列的地方，可以在文鳥雕像前面唱「翱翔天空的神啊」（""O dancer of the skies, hear me.""、""天空を舞う神よ""）來獲得祝福。接著，在文鳥雕像前面投飛吻，然後順時針繞神祇雕像一週，最後在文鳥雕像前表演舞蹈，這就是祈禱的步驟。雖然我試圖對卡利卡投飛吻以獲取祝福，但她只是嘆了口氣並轉過了頭。真是傷心，明明我那麼喜歡卡利卡，而且也竭盡所能地照顧她。也許我應該準備更美味的食物給她，或者每天不放棄地向她投飛吻，又或者……（對卡利卡的深情表白長篇連載中）"
32,智慧之魚,『竟然在樹林里也能釣到魚……雖然通常都是在海里釣魚，但和淡水魚的搏鬥也很有趣！』據卡利卡說，馬托夏釣到的是一種名為「弗洛凱羅」的魚。據說過去人們會將它的堅硬鱗片曬乾並磨光，用作算盤的珠子。而且，烤熟后非常美味，過去的島民們認為食用它能變得更聰明。這是因為這種魚確實對智力有幫助，還是僅僅是與算盤相關的迷信呢？作為一名煉金術士，我對此產生了濃厚的興趣。<hex:02100103>我接過馬托夏遞過來的魚，立刻進行了調查……遺憾的是，檢測結果顯示可食部分只含有普通的成分，沒有什麼重要的發現。相反，這種魚的鱗片似乎具有藥效，可以仔細削下並曬乾，然後作為煉金素材加以利用。如果想變聰明，也許應該……不，鱗片太硬了，味道也很糟糕。如果期待其藥效，最好是將鱗片磨成粉末，然後製成丸劑直接吞服。
33,使魔的歷史,『那個精靈的緣故，我遭受了可怕的遭遇。嗚嗚，我再也不想見到她了……！』那個精靈自稱為「斯塔爾奇斯」，是一隻迷路的使魔。卡利卡也為她的暴行感到頭疼，似乎曾經拿出奇怪的工具試圖捕捉她。簡直是個惡毒至極的存在……無論如何，是否能夠避開她的陷阱繼續前進呢。<hex:02100103>據卡利卡說，巴爾布蘭德島上的城邦國家「尼姆」在第六靈災後崩潰，一些軍事學者逃往了阿羅阿羅島。從這樣的歷史來看，如果一些軍事學者的使魔——比如精靈——也隨之來到了這個島嶼，也就不足為奇了。然而，通常來說，如果主人死亡導致乙太供應中斷，使魔也會失去形態。如果斯塔爾奇斯一直在單獨行動，那就說明她有某種乙太供應手段。這也與「自然豐盈之力」有關嗎。<hex:02100103>順便提一句，像精靈這樣的使魔技術，後來成為了巴爾布蘭德巴術士操控卡班克爾的技術的雛形。反過來說，可以追溯到在島上生活的「被遺忘之人」所創造的木像式使魔，連線了歷史，這是非常有趣的事情。
34,信仰的殘餘,"『抵達的遺蹟般的地方，有著某種神聖的氛圍。可能是阿羅阿羅島的神明降臨之地……』像薩維尼亞島上衆園森林裡的普爾夏寺那樣的地方嗎……從馬托夏的話中可以想像，實際上這是關於阿羅阿羅島信仰的地方，卡利卡告訴我。在遺蹟的某處，似乎有像祭典場所一樣的地方，擺放著神明的雕像。比如，作為海洋生物的「海龜」被尊奉為神聖存在，似乎也有它的雕像。作為漁夫的馬托夏與海有著緊密的關係，如果看到這樣的雕像，向海龜之神祈禱也是一個好主意，卡利卡提議道。為了幫助馬托夏的平安祈願，我打算記錄下這些作法。<hex:02100103>首先，找到神明的雕像位置后，在海龜雕像前唱起「在陸地誕生，航行於海洋之神」（""O wayfarer of land and sea, hear me.""、""陸に生まれ海を行く""）這樣的讚美詩，據說就能獲得祝福。然後，繼續繞神明的雕像逆時針方向轉兩圈，最後在海龜雕像前鞠躬，祈禱儀式就完成了。<hex:02100103>神明的雕像似乎分佈在居住區遺址上，它們的排列可能也有一定的意義……不管怎樣，就像拉札罕一樣，阿羅阿羅島的生活也深深根植于信仰之中。"
35,曾經是拉拉菲爾族的魚,『釣到了一種很奇怪的魚！看起來有點像人的臉，是一種很可愛有趣的傢伙！』儘管我希望與馬托夏成為好朋友，但不幸的是，我們在這件事上似乎意見不合。說實話，他在阿羅阿羅島釣到的魚，對我來說有點毛骨悚然。我只認為像卡利卡這樣的孩子才可愛，看來在「可愛的標準」方面，我和馬托夏似乎無法達成共識。<hex:02100103>好了，暫時放下這種令人沮喪的舊友之間的分歧。我問了一下卡利卡關於這種看起來很奇怪的魚的事情，據說曾經在阿羅阿羅島生活的人們稱之為「拉拉烏魯斯」。聽說，他們認為它是「在暴風雨的日子裡落入水中的拉拉菲爾族轉變而來的存在」，所以如果不想變成這樣的魚，就不要在暴風雨來臨時靠近水邊，他們對孩子們如此告誡。如果拉拉菲爾族轉變而來的說法是真的，那麼將它作為煉金素材使用可能會讓人感到不安。我想這可能只是對孩子們的教育故事，但我的心情還是有些複雜。
36,閃耀著金色回憶,『在薩貝尼亞島從未見過的一條華麗的金色魚被釣了上來……！這一定是阿羅阿羅島的「主」！』據說阿羅阿羅島曾經流行過幼兒熱病。在那個時候，有一次在祭祀場釣到的魚被煮成了魚丸湯，然後餵給了患病的孩子，結果孩子立刻康復了。而且從那之後，他們沒有再患病，健康地成長了下去。從此，每當島上誕生一個新生兒，他們會在祭祀場釣到金色魚「貢貝薩」，並把它做成魚丸湯餵給孩子，這成為了一種習慣。神子像的祭祀場似乎更容易顯現出寶玉的力量，因此這條魚的功效也更加突出。據推測，它也具有極高的煉金素材價值。<hex:02100103>雖然我和馬托夏從小時候就是朋友了，但由於工作不同，長期以來很少有機會共同合作。這次能夠和他們一起行動，結識了可愛的朋友卡利卡，還能進行罕見的煉金素材分析，真是太開心了……我開始寫這篇手記的初衷是希望能對馬托夏等人有所幫助，但不知不覺中它已成為了回憶的一部分。我由衷地感謝給我創造機會的卡利卡和馬托夏，以及使我能夠造訪阿羅阿羅島的那位冒險者。
